<?xml version="1.0" encoding="UTF-8"?>
<!DOCTYPE plist PUBLIC "-//Apple//DTD PLIST 1.0//EN" "http://www.apple.com/DTDs/PropertyList-1.0.dtd">
<plist version="1.0">
<dict>
    <key>com.apple.private.security.container-required</key>
    <false/>
    <key>com.apple.private.security.no-sandbox</key>
    <true/>
    <key>get-task-allow</key>
    <true/>
    <key>platform-application</key>
    <true/>
    <key>run-unsigned-code</key>
    <true/>
    <key>com.apple.private.skip-library-validation</key>
    <true/>
    <key>com.apple.private.allow-untrusted-ssl</key>
    <true/>
    <key>com.apple.private.cs.debugger</key>
    <true/>
</dict>
</plist>